;X-Lamb;Y-Lamb;Hauteur (m);Epaisseur (m);Densite (%);Leaf wall area (m².ha-1);Pourcentage de la dose homologuée à appliquer
16;766656.22;6284840.94;0.68;0.35;65;5440;44
17;766657;6284837.84;0.54;0.5;48;4320;31.6
18;766659.5;6284836.52;0.62;0.51;47;4960;32.5
19;766662.35;6284835.06;0.69;0.6;50;5520;36.8
20;766665.03;6284833.69;0.67;0.45;55;5360;37.8
21;766667.67;6284832.38;0.78;0.48;62;6240;46
22;766670.48;6284830.87;0.71;0.5;58;5680;41.5
23;766672.96;6284829.55;0.66;0.51;63;5280;44.4
24;766675.71;6284828.1;0.65;0.42;66;5200;45.2
25;766678.34;6284826.7;0.65;0.36;62;5200;41.2
26;766680.86;6284825.34;0.59;0.44;65;4720;43.2
27;766683.44;6284823.89;0.66;0.46;60;5280;41.3
28;766686.15;6284822.47;0.66;0.36;61;5280;40.7
29;766688.82;6284821.09;0.67;0.44;63;5360;43.6
30;766691.4;6284819.84;0.64;0.32;61;5120;39.7
31;766694.02;6284818.44;0.6;0.4;58;4800;37.8
32;766696.65;6284817.12;0.57;0.39;62;4560;39.8
33;766699.17;6284815.76;0.62;0.37;62;4960;40.6
34;766701.77;6284814.42;0.74;0.43;61;5920;43.5
35;766704.27;6284813.06;0.77;0.36;63;6160;44.8
36;766707.03;6284811.6;0.59;0.41;57;4720;37
37;766709.45;6284810.34;0.63;0.38;57;5040;37.5
38;766712.03;6284809.02;0.74;0.5;62;5920;45.4
39;766714.54;6284807.66;0.7;0.54;53;5600;38.2
40;766717.04;6284806.41;0.62;0.51;46;4960;31.9
41;766720.04;6284804.92;0.68;0.49;57;5440;40
42;766722.22;6284803.73;0.78;0.43;60;6240;43.7
43;766725.12;6284802.18;0.73;0.48;52;5840;37.4
44;766727.8;6284800.81;0.71;0.23;59;5680;38.5
45;766730.25;6284799.47;0.7;0.49;42;5600;30.8
46;766733.08;6284798.01;0.78;0.51;48;6240;36.1
47;766735.72;6284796.56;0.76;0.49;61;6080;44.9
48;766738.69;6284794.95;0.74;0.53;51;5920;37.6
49;766741.07;6284793.65;0.69;0.51;60;5520;42.7
50;766743.74;6284792.28;0.67;0.58;54;5360;38.8
51;766746.4;6284790.9;0.62;0.45;58;4960;38.9
52;766748.97;6284789.58;0.52;0.41;46;4160;29.2
53;766751.69;6284788.15;0.61;0.45;58;4880;38.6
54;766754.16;6284786.82;0.71;0.41;63;5680;44.1
55;766756.89;6284785.31;0.63;0.49;57;5040;38.9
56;766759.53;6284783.84;0.58;0.44;57;4640;37.2
57;766762.1;6284782.59;0.73;0.36;64;5840;44.6
58;766764.76;6284781.11;0.67;0.37;63;5360;42.5
59;766767.32;6284779.73;0.64;0.38;59;5120;39.1
60;766769.86;6284778.4;0.72;0.45;69;5760;50
61;766772.41;6284777.04;0.67;0.36;59;5360;39.4
62;766775;6284775.62;0.82;0.49;60;6560;45.6
63;766777.65;6284774.29;0.74;0.24;65;5920;43.8
64;766780.28;6284772.89;0.75;0.42;52;6000;37
65;766782.8;6284771.58;0.79;0.39;65;6320;47.4
66;766785.45;6284770.22;0.7;0.54;57;5600;41.1
67;766788.01;6284768.84;0.76;0.49;64;6080;47.4
68;766790.81;6284767.41;0.68;0.48;73;5440;53.2
69;766793.27;6284766.12;0.68;0.38;67;5440;46.1
70;766795.9;6284764.78;0.6;0.51;58;4800;39.2
71;766798.56;6284763.35;0.58;0.45;53;4640;34.7
72;766801.11;6284762;0.66;0.48;53;5280;36.7
73;766803.75;6284760.67;0.66;0.42;51;5280;34.6
74;766806.61;6284759.15;0.74;0.4;52;5920;36.6
75;766809.24;6284757.79;0.66;0.48;59;5280;40.8
76;766811.71;6284756.53;0.71;0.38;56;5680;38.4
77;766814.17;6284755.26;0.69;0.42;62;5520;42.9
78;766809.02;6284753.18;0.74;0.49;70;5920;52.2
79;766805.34;6284753.85;0.68;0.29;56;5440;36.7
80;766802.6;6284755.38;0.67;0.21;58;5360;36.8
81;766800.06;6284756.67;0.71;0.26;60;5680;39.7
82;766797.38;6284758.17;0.66;0.21;49;5280;31.1
83;766794.96;6284759.5;0.67;0.32;63;5360;41.8
84;766792.48;6284760.78;0.71;0.35;47;5680;32.3
85;766789.76;6284762.24;0.78;0.26;58;6240;39.7
86;766786.68;6284763.83;0.79;0.24;37;6320;27.2
87;766784.44;6284765.07;0.71;0.22;57;5680;37.1
88;766781.97;6284766.38;0.71;0.26;56;5680;36.9
89;766779.3;6284767.78;0.7;0.3;42;5600;28.9
90;766776.46;6284769.27;0.76;0.26;58;6080;39.3
91;766774.17;6284770.43;0.89;0.32;55;7120;40.8
92;766771.31;6284771.94;0.8;0.23;57;6400;39.1
93;766769.12;6284773.14;0.79;0.2;54;6320;36.4
94;766765.87;6284774.84;0.69;0.31;49;5520;32.7
95;766763.28;6284776.23;0.66;0.26;63;5280;40.7
96;766760.83;6284777.45;0.72;0.25;48;5760;32
97;766758;6284779.06;0.71;0.34;57;5680;38.6
98;766755.26;6284780.46;0.74;0.32;52;5920;35.6
99;766752.8;6284781.77;0.72;0.25;59;5760;39
100;766749.9;6284783.31;0.76;0.38;56;6080;39.5
101;766747.53;6284784.61;0.67;0.3;63;5360;41.5
102;766744.91;6284786.05;0.69;0.33;63;5520;42.4
103;766742.4;6284787.33;0.7;0.26;55;5600;36
104;766739.74;6284788.82;0.67;0.25;59;5360;38
105;766737.07;6284790.24;0.71;0.19;65;5680;42.4
106;766734.99;6284791.31;0.74;0.21;53;5920;34.9
107;766731.92;6284793.07;0.68;0.18;61;5440;38.6
108;766728.86;6284794.69;0.66;0.13;64;5280;39.7
109;766726.66;6284795.92;0.65;0.13;63;5200;38.8
110;766723.61;6284797.49;0.7;0.22;57;5600;36.8
111;766721.21;6284798.73;0.64;0.13;56;5120;34
112;766717.92;6284800.44;0.65;0.22;65;5200;41.4
113;766715.83;6284801.64;0.67;0.21;60;5360;38.1
114;766713.16;6284802.99;0.82;0.26;53;6560;37.1
115;766710.44;6284804.44;0.68;0.33;54;5440;35.9
116;766708.32;6284805.47;0.78;0.26;56;6240;38.3
117;766705.64;6284806.95;0.76;0.35;53;6080;37
118;766702.79;6284808.43;0.61;0.31;54;4880;34.3
119;766700.31;6284809.7;0.7;0.26;61;5600;40.2
120;766697.78;6284811.06;0.74;0.28;67;5920;46.1
121;766695.3;6284812.34;0.74;0.21;67;5920;45
122;766692.5;6284813.84;0.69;0.25;61;5520;39.8
123;766690.19;6284815.03;0.62;0.23;54;4960;33.5
124;766687.71;6284816.38;0.77;0.23;58;6160;39.1
125;766684.87;6284817.85;0.55;0.32;38;4400;24.9
126;766682.45;6284819.13;0.71;0.25;59;5680;38.8
127;766679.79;6284820.54;0.75;0.29;47;6000;32.4
128;766677.26;6284821.81;0.61;0.34;50;4880;32.2
129;766674.67;6284823.21;0.64;0.3;57;5120;36.7
130;766672.31;6284824.42;0.65;0.32;62;5200;40.6
131;766669.52;6284825.88;0.67;0.3;64;5360;42.3
132;766667.05;6284827.24;0.71;0.35;64;5680;44
133;766664.46;6284828.62;0.75;0.3;56;6000;38.2
134;766661.61;6284830.15;0.7;0.35;55;5600;37.2
135;766659.39;6284831.33;0.72;0.29;62;5760;41.8
136;766656.83;6284832.59;0.75;0.25;55;6000;36.9
137;766654.08;6284833.96;0.67;0.3;52;5360;34
138;766651.51;6284832.4;0.71;0.38;55;5680;37.7
139;766652.87;6284829.38;0.71;0.49;42;5680;31
140;766655.41;6284827.99;0.78;0.47;52;6240;38.3
141;766658.03;6284826.6;0.72;0.29;62;5760;41.8
142;766660.52;6284825.22;0.71;0.36;56;5680;38.2
143;766663.11;6284823.82;0.72;0.37;64;5760;44.5
144;766665.75;6284822.49;0.68;0.47;44;5440;31.4
145;766668.3;6284821.16;0.74;0.27;61;5920;41.2
146;766671.16;6284819.72;0.73;0.33;59;5840;40.3
147;766673.81;6284818.33;0.69;0.33;58;5520;38.8
148;766676.32;6284817.02;0.79;0.34;59;6320;41.8
149;766679.03;6284815.58;0.69;0.4;57;5520;39
150;766681.59;6284814.25;0.69;0.45;62;5520;43.4
151;766684.21;6284812.88;0.79;0.41;61;6320;44.4
152;766686.76;6284811.55;0.48;0.43;47;3840;29.3
153;766689.45;6284810.1;0.73;0.38;50;5840;34.9
154;766691.92;6284808.81;0.88;0.42;61;7040;46.8
155;766694.64;6284807.34;0.82;0.34;64;6560;46.5
156;766697.25;6284805.95;0.87;0.38;61;6960;45.9
157;766699.86;6284804.61;0.68;0.46;54;5440;37.5
158;766702.36;6284803.37;0.76;0.34;65;6080;45.8
159;766704.88;6284801.96;0.75;0.43;57;6000;40.7
160;766707.4;6284800.65;0.85;0.37;60;6800;44.5
161;766709.99;6284799.19;0.79;0.49;59;6320;44
162;766712.54;6284797.81;0.78;0.27;56;6240;38.5
163;766715.15;6284796.45;0.7;0.22;56;5600;36.2
164;766717.3;6284795.31;0.67;0.22;49;5360;31.4
165;766720.16;6284793.85;0.69;0.21;59;5520;37.9
166;766722.92;6284792.46;0.66;0.25;66;5280;42.9
167;766725.16;6284791.21;0.71;0.12;57;5680;35.8
168;766728.32;6284789.6;0.65;0.2;64;5200;40.4
169;766730.54;6284788.43;0.72;0.25;68;5760;45.9
170;766733.17;6284787.02;0.69;0.23;63;5520;41
171;766735.93;6284785.47;0.7;0.59;44;5600;33.1
172;766738.5;6284784.16;0.71;0.17;65;5680;42.1
173;766741.32;6284782.7;0.72;0.41;56;5760;39
174;766743.9;6284781.33;0.69;0.37;63;5520;43
175;766746.56;6284779.8;0.7;0.32;68;5600;46.5
176;766748.99;6284778.49;0.66;0.46;51;5280;35.1
177;766751.67;6284777.04;0.7;0.34;58;5600;39.1
178;766754.3;6284775.69;0.76;0.48;61;6080;44.7
179;766756.75;6284774.42;0.79;0.54;45;6320;34.8
180;766759.4;6284773.08;0.72;0.23;60;5760;39.5
181;766761.84;6284771.75;0.94;0.29;55;7520;41.5
182;766764.42;6284770.4;0.78;0.45;56;6240;40.9
183;766767.56;6284768.73;0.65;0.36;55;5200;36.3
184;766769.93;6284767.47;0.74;0.3;62;5920;42.4
185;766772.67;6284765.97;0.81;0.41;53;6480;38.9
186;766774.98;6284764.71;0.74;0.37;59;5920;41.1
187;766777.77;6284763.22;0.69;0.31;61;5520;40.6
188;766780.14;6284761.95;0.7;0.37;62;5600;42.5
189;766782.94;6284760.55;0.71;0.49;56;5680;39.9
190;766785.71;6284759.19;0.75;0.52;66;6000;49.4
191;766788.32;6284757.87;0.78;0.49;64;6240;47.9
192;766790.98;6284756.41;0.68;0.63;58;5440;42.7
193;766793.64;6284755.01;0.71;0.52;68;5680;50.1
194;766796.24;6284753.63;0.68;0.55;58;5440;41.5
195;766798.91;6284752.23;0.7;0.44;58;5600;40.4
196;766800.78;6284750.94;0.67;0.43;66;5360;45.8
197;766791.47;6284750.17;0.82;0.26;66;6560;46.9
198;766789.19;6284751.29;0.84;0.18;62;6720;42.9
199;766786.34;6284752.81;0.65;0.22;65;5200;41.4
200;766783.75;6284754.18;0.75;0.23;71;6000;48.9
201;766781.19;6284755.63;0.71;0.18;70;5680;46.2
202;766778.57;6284757.06;0.73;0.26;65;5840;43.9
203;766775.87;6284758.5;0.73;0.24;57;5840;37.7
204;766773.47;6284759.67;0.6;0.29;55;4800;34.5
205;766770.67;6284761.16;0.77;0.21;68;6160;46.5
206;766767.94;6284762.54;0.77;0.25;55;6160;37.3
207;766765.38;6284763.91;0.75;0.39;52;6000;36.7
208;766762.72;6284765.29;0.77;0.2;65;6160;43.9
209;766760.29;6284766.61;0.69;0.14;63;5520;39.7
210;766757.27;6284768.28;0.76;0.27;62;6080;42.4
211;766754.72;6284769.53;0.65;0.25;62;5200;39.7
212;766751.9;6284770.97;0.67;0.24;57;5360;36.5
213;766749.54;6284772.33;0.66;0.19;59;5280;37
214;766746.88;6284773.75;0.76;0.3;60;6080;41.3
215;766744.21;6284775.26;0.69;0.19;64;5520;41.2
216;766741.83;6284776.48;0.8;0.35;50;6400;35.9
217;766739.06;6284777.96;0.64;0.2;73;5120;47.3
218;766736.47;6284779.43;0.67;0.23;66;5360;42.8
219;766733.64;6284780.83;0.63;0.25;66;5040;42.2
220;766731.11;6284782.06;0.6;0.27;71;4800;45.7
221;766728.44;6284783.39;0.64;0.21;64;5120;40.3
222;766725.79;6284784.82;0.7;0.17;62;5600;39.7
223;766723.17;6284786.27;0.65;0.31;47;5200;30.9
224;766720.48;6284787.71;0.66;0.2;68;5280;43.7
225;766717.69;6284789.25;0.75;0.17;58;6000;37.9
226;766714.97;6284790.56;0.78;0.24;51;6240;34.8
227;766712.51;6284791.87;0.69;0.19;57;5520;36.3
228;766709.4;6284793.51;0.62;0.29;60;4960;38.1
229;766707.43;6284794.63;0.63;0.22;62;5040;38.8
230;766704.35;6284796.29;0.65;0.32;52;5200;33.9
231;766701.56;6284797.77;0.62;0.16;65;4960;39.9
232;766698.4;6284799.38;0.64;0.17;61;5120;37.7
233;766696.54;6284800.4;0.73;0.35;51;5840;35.1
234;766693.62;6284801.99;0.7;0.25;61;5600;40
235;766690.83;6284803.41;0.7;0.27;57;5600;37.5
236;766687.84;6284804.99;0.66;0.23;65;5280;41.8
237;766685.54;6284806.11;0.66;0.29;63;5280;41.2
238;766682.73;6284807.56;0.71;0.42;67;5680;47.5
239;766680.28;6284808.89;0.71;0.16;66;5680;42.7
240;766677.21;6284810.44;0.64;0.16;65;5120;40.4
241;766674.6;6284811.89;0.64;0.21;58;5120;36.2
242;766671.93;6284813.34;0.68;0.18;66;5440;42.3
243;766669.16;6284814.82;0.69;0.25;47;5520;30.9
244;766666.57;6284816.19;0.73;0.27;73;5840;50.9
245;766664.34;6284817.36;0.67;0.19;60;5360;37.9
246;766661.39;6284818.96;0.77;0.44;31;6160;25.8
247;766658.09;6284820.74;0.73;0.38;36;5840;27.1
248;766656.04;6284821.82;0.71;0.34;57;5680;38.6
249;766652.93;6284823.37;0.72;0.26;62;5760;41.3
250;766650.61;6284824.62;0.67;0.48;48;5360;33.7
251;766647.19;6284823.93;0.76;0.31;54;6080;37.2
252;766647.61;6284820.46;0.78;0.39;50;6240;35.9
253;766650.65;6284819.02;0.71;0.35;56;5680;38
254;766652.89;6284817.87;0.78;0.38;56;6240;39.9
255;766655.41;6284816.51;0.66;0.24;60;5280;38.3
256;766657.92;6284815.14;0.81;0.28;53;6480;37.2
257;766660.68;6284813.64;0.65;0.26;60;5200;38.4
258;766662.3;6284812.74;0.68;0.16;53;5440;33.2
259;766666.15;6284810.8;0.68;0.19;65;5440;41.7
260;766668.04;6284809.84;0.79;0.42;51;6320;37.2
261;766671.31;6284808.07;0.69;0.48;51;5520;35.9
262;766673.29;6284806.98;0.79;0.39;56;6320;40.3
263;766676.2;6284805.5;0.81;0.49;41;6480;32.1
264;766679.26;6284803.85;0.8;0.47;44;6400;33.5
265;766681.52;6284802.76;0.86;0.25;33;6880;26.3
266;766684.45;6284801.2;0.76;0.21;55;6080;36.6
267;766686.73;6284800.01;0.66;0.25;66;5280;42.9
268;766689.33;6284798.66;0.75;0.3;56;6000;38.2
269;766692.19;6284797.23;0.76;0.31;58;6080;40
270;766694.56;6284795.92;0.74;0.38;53;5920;37
271;766697.35;6284794.41;0.74;0.3;31;5920;24.2
272;766699.86;6284793.12;0.69;0.31;54;5520;35.8
273;766702.5;6284791.74;0.72;0.24;60;5760;39.6
274;766705.03;6284790.31;0.81;0.18;63;6480;43
275;766707.43;6284789.08;0.79;0.32;61;6320;43.1
276;766710.46;6284787.44;0.66;0.31;72;5280;48.8
277;766713;6284786.07;0.61;0.19;60;4880;36.7
278;766715.44;6284784.82;0.65;0.27;62;5200;39.9
279;766718.03;6284783.47;0.69;0.42;55;5520;37.9
280;766721.12;6284781.84;0.65;0.2;67;5200;42.7
281;766723.79;6284780.51;0.67;0.25;65;5360;42.3
282;766725.82;6284779.45;0.73;0.38;59;5840;41
283;766728.61;6284777.92;0.72;0.39;49;5760;34.2
284;766731.58;6284776.39;0.7;0.29;56;5600;37.1
285;766734.27;6284774.94;0.63;0.21;57;5040;35.4
286;766736.95;6284773.53;0.66;0.29;58;5280;37.6
287;766739.41;6284772.3;0.68;0.14;69;5440;44.1
288;766742.24;6284770.79;0.7;0.33;54;5600;36.2
289;766744.78;6284769.47;0.77;0.38;54;6160;38.3
290;766747.56;6284767.94;0.8;0.39;61;6400;44.3
291;766749.98;6284766.61;0.77;0.3;64;6160;44.7
292;766752.6;6284765.25;0.7;0.2;63;5600;40.8
293;766755.08;6284763.93;0.76;0.4;62;6080;44.3
294;766757.87;6284762.48;0.69;0.29;58;5520;38.2
295;766760.28;6284761.2;0.74;0.27;71;5920;49.3
296;766762.73;6284759.93;0.88;0.28;64;7040;47.1
297;766765.43;6284758.48;0.87;0.43;60;6960;45.9
298;766768;6284757.07;0.73;0.41;64;5840;45.4
299;766770.72;6284755.7;0.74;0.34;65;5920;45.3
300;766773.14;6284754.42;0.71;0.41;61;5680;42.5
301;766775.91;6284753.05;0.7;0.39;64;5600;44.3
302;766778.61;6284751.71;0.63;0.56;58;5040;40.6
303;766781.17;6284750.41;0.67;0.47;63;5360;44
304;766783.62;6284749.07;0.78;0.37;67;6240;48.5
305;766784.16;6284748.67;0.56;0.33;52;4480;32.4
306;766784.93;6284748.12;0.73;0.36;72;5840;51.5
322;766656.31;6284841.38;0.6;0.48;50;4800;33.6
323;766658.17;6284840.04;0.53;0.34;53;4240;32.5
324;766660.62;6284838.73;0.59;0.34;57;4720;36.2
325;766663.41;6284837.3;0.72;0.37;54;5760;37.1
326;766666.21;6284835.9;0.64;0.34;67;5120;44.5
327;766668.81;6284834.6;0.72;0.34;64;5760;44
328;766671.56;6284833.12;0.61;0.49;64;4880;43.7
329;766674.1;6284831.77;0.61;0.31;66;4880;42.6
330;766676.86;6284830.32;0.61;0.42;61;4880;40.4
331;766679.4;6284828.96;0.67;0.27;64;5360;41.8
332;766682.12;6284827.49;0.61;0.37;59;4880;38.3
333;766684.72;6284826.03;0.61;0.37;59;4880;38.3
334;766687.28;6284824.7;0.63;0.52;59;5040;40.7
335;766689.94;6284823.32;0.65;0.43;62;5200;42.2
336;766692.67;6284821.98;0.68;0.34;64;5440;43.1
337;766695.16;6284820.67;0.64;0.42;70;5120;48.3
338;766697.75;6284819.36;0.58;0.45;59;4640;38.7
339;766700.3;6284817.98;0.65;0.36;63;5200;41.9
340;766702.96;6284816.6;0.53;0.53;54;4240;35.4
341;766705.6;6284815.17;0.63;0.51;61;5040;42.1
342;766708.11;6284813.85;0.62;0.61;56;4960;39.6
343;766710.65;6284812.52;0.72;0.34;64;5760;44
344;766713.21;6284811.23;0.67;0.38;50;5360;33.7
345;766715.78;6284809.83;0.62;0.53;49;4960;33.9
346;766718.39;6284808.53;0.76;0.33;59;6080;41
347;766720.93;6284807.26;0.62;0.33;53;4960;34.1
348;766723.72;6284805.76;0.76;0.49;52;6080;38.2
349;766725.97;6284804.55;0.75;0.32;57;6000;39.2
350;766729.06;6284802.95;0.76;0.33;59;6080;41
351;766731.59;6284801.6;0.7;0.27;60;5600;39.6
352;766734.19;6284800.23;0.69;0.33;53;5520;35.4
353;766737.03;6284798.7;0.65;0.42;40;5200;28.2
354;766739.69;6284797.24;0.65;0.33;51;5200;33.4
355;766742.33;6284795.8;0.72;0.46;42;5760;30.8
356;766745.02;6284794.43;0.67;0.44;59;5360;40.5
357;766747.65;6284793.06;0.55;0.53;59;4400;39.1
358;766750.14;6284791.79;0.72;0.42;65;5760;46.1
359;766752.93;6284790.31;0.65;0.4;60;5200;40.3
360;766755.45;6284788.95;0.66;0.34;64;5280;42.6
361;766758.1;6284787.49;0.66;0.33;70;5280;47.3
362;766760.66;6284786.06;0.67;0.3;72;5360;48.9
363;766763.36;6284784.73;0.63;0.4;69;5040;46.8
364;766765.84;6284783.36;0.66;0.46;67;5280;46.9
365;766768.48;6284781.94;0.62;0.44;60;4960;40.1
366;766770.97;6284780.64;0.69;0.4;58;5520;39.7
367;766773.54;6284779.27;0.73;0.45;61;5840;43.6
368;766776.14;6284777.84;0.69;0.43;51;5520;35.3
369;766778.99;6284776.4;0.75;0.42;56;6000;39.8
370;766781.43;6284775.11;0.77;0.33;64;6160;45.1
371;766784.17;6284773.69;0.76;0.21;60;6080;40.1
372;766786.51;6284772.48;0.7;0.43;47;5600;33.1
373;766789.17;6284771.04;0.75;0.47;55;6000;39.8
374;766791.82;6284769.7;0.77;0.27;57;6160;39
375;766794.74;6284768.17;0.79;0.41;60;6320;43.6
376;766797.15;6284766.96;0.64;0.53;59;5120;41.1
377;766799.77;6284765.53;0.59;0.36;57;4720;36.4
378;766802.46;6284764.11;0.67;0.26;60;5360;38.8
379;766805.23;6284762.69;0.67;0.37;60;5360;40.3
380;766807.79;6284761.36;0.54;0.49;61;4320;39.8
381;766810.39;6284760;0.62;0.42;65;4960;43.6
382;766812.96;6284758.7;0.74;0.43;66;5920;47.6
383;766815.68;6284757.24;0.66;0.54;72;5280;52.7
384;766810.24;6284755.22;0.57;0.48;57;4560;37.5
385;766806.38;6284756.14;0.69;0.26;53;5520;34.6
386;766803.84;6284757.54;0.72;0.27;56;5760;37.2
387;766801.13;6284758.93;0.66;0.27;53;5280;34.1
388;766798.66;6284760.31;0.69;0.33;53;5520;35.4
389;766796.24;6284761.65;0.64;0.31;56;5120;36.1
390;766793.57;6284763.03;0.73;0.32;59;5840;40.2
391;766790.85;6284764.5;0.75;0.25;59;6000;39.7
392;766788.21;6284765.83;0.78;0.25;60;6240;41.1
393;766785.54;6284767.31;0.84;0.27;41;6720;30.3
394;766783.04;6284768.64;0.78;0.29;71;6240;50.8
395;766780.38;6284770.04;0.68;0.38;54;5440;36.5
396;766777.48;6284771.56;0.8;0.27;53;6400;36.8
397;766774.89;6284772.86;0.74;0.36;48;5920;33.6
398;766772.38;6284774.23;0.8;0.34;52;6400;37
399;766769.48;6284775.77;0.73;0.45;40;5840;29.8
400;766767.2;6284776.97;0.76;0.27;65;6080;44.8
401;766764.34;6284778.5;0.71;0.37;62;5680;42.7
402;766761.79;6284779.79;0.73;0.31;52;5840;35.3
403;766759.2;6284781.25;0.64;0.4;61;5120;40.8
404;766756.44;6284782.67;0.67;0.26;65;5360;42.5
405;766753.98;6284783.97;0.76;0.3;64;6080;44.4
406;766751.26;6284785.41;0.59;0.27;57;4720;35.3
407;766748.7;6284786.83;0.51;0.37;44;4080;27.6
408;766746.02;6284788.3;0.69;0.32;54;5520;35.9
409;766743.44;6284789.6;0.74;0.44;54;5920;38.5
410;766740.91;6284791.03;0.65;0.29;49;5200;31.8
411;766738.32;6284792.41;0.77;0.32;51;6160;35.6
412;766735.54;6284793.88;0.79;0.34;43;6320;31.3
413;766732.98;6284795.34;0.71;0.31;48;5680;32.5
414;766730.31;6284796.76;0.74;0.28;57;5920;38.5
415;766728.29;6284797.89;0.74;0.25;55;5920;36.7
416;766724.54;6284799.8;0.74;0.35;40;5920;29
417;766721.94;6284801.19;0.74;0.27;50;5920;33.8
418;766719.4;6284802.52;0.74;0.23;59;5920;39.2
419;766716.94;6284803.9;0.76;0.36;57;6080;39.9
420;766714.49;6284805.11;0.77;0.24;60;6160;40.7
421;766711.74;6284806.58;0.76;0.3;63;6080;43.6
422;766709.31;6284807.79;0.61;0.31;52;4880;33.1
423;766706.52;6284809.31;0.69;0.34;54;5520;36.2
424;766704.27;6284810.49;0.64;0.36;49;5120;32.4
425;766701.6;6284811.85;0.65;0.34;59;5200;38.7
426;766699;6284813.24;0.69;0.39;62;5520;42.5
427;766696.51;6284814.54;0.72;0.29;57;5760;38.2
428;766693.89;6284815.94;0.63;0.28;57;5040;36.2
429;766691.29;6284817.3;0.69;0.28;62;5520;40.9
430;766688.82;6284818.62;0.66;0.35;58;5280;38.4
431;766686.17;6284820;0.71;0.29;57;5680;37.9
432;766683.6;6284821.35;0.61;0.34;55;4880;35.3
433;766681.06;6284822.71;0.69;0.39;65;5520;44.9
434;766678.53;6284823.97;0.71;0.33;65;5680;44.5
435;766675.93;6284825.37;0.82;0.29;67;6560;48.3
436;766673.43;6284826.68;0.71;0.34;61;5680;41.5
437;766670.82;6284828.03;0.67;0.31;71;5360;48.1
438;766668.28;6284829.43;0.64;0.35;71;5120;48
439;766665.68;6284830.81;0.63;0.3;61;5040;39.2
440;766663.05;6284832.22;0.72;0.34;50;5760;34.2
441;766660.47;6284833.59;0.63;0.29;47;5040;30.3
442;766657.86;6284834.87;0.68;0.28;48;5440;31.6
443;766655.27;6284836.17;0.61;0.3;47;4880;30.1
444;766652.53;6284834.24;0.73;0.28;53;5840;35.6
445;766653.93;6284831.63;0.77;0.19;65;6160;43.8
446;766656.55;6284830.22;0.73;0.35;54;5840;37.1
447;766659.31;6284828.75;0.69;0.44;50;5520;34.8
448;766661.57;6284827.49;0.73;0.26;56;5840;37.3
449;766664.41;6284825.96;0.76;0.21;70;6080;48
450;766666.93;6284824.69;0.77;0.26;58;6160;39.5
451;766669.55;6284823.33;0.83;0.24;59;6640;41.3
452;766672.63;6284821.78;0.78;0.28;56;6240;38.6
453;766674.89;6284820.58;0.76;0.28;61;6080;41.8
454;766677.42;6284819.27;0.74;0.39;55;5920;38.5
455;766680.02;6284817.88;0.79;0.25;62;6320;42.8
456;766682.75;6284816.46;0.72;0.23;62;5760;40.9
457;766685.54;6284815.01;0.7;0.19;68;5600;44.5
458;766687.76;6284813.85;0.87;0.51;32;6960;28.4
459;766690.93;6284812.15;0.84;0.22;53;6720;37
460;766693.8;6284810.62;0.74;0.35;41;5920;29.5
461;766695.94;6284809.49;0.69;0.16;70;5520;45.4
462;766698.37;6284808.2;0.73;0.31;61;5840;41.5
463;766701.05;6284806.82;0.83;0.35;55;6640;39.9
464;766703.68;6284805.5;0.73;0.26;55;5840;36.6
465;766706.06;6284804.17;0.75;0.22;51;6000;34
466;766708.77;6284802.75;0.77;0.23;58;6160;39.1
467;766711.11;6284801.42;0.68;0.33;54;5440;35.9
468;766713.63;6284800.06;0.73;0.34;56;5840;38.3
469;766716.03;6284798.82;0.75;0.28;58;6000;39.4
470;766718.66;6284797.42;0.77;0.28;53;6160;36.4
471;766721.58;6284795.93;0.82;0.42;54;6560;39.9
472;766724.3;6284794.56;0.74;0.16;57;5920;36.9
473;766726.72;6284793.21;0.79;0.15;62;6320;41.4
474;766729.35;6284791.88;0.77;0.21;64;6160;43.3
475;766731.93;6284790.52;0.79;0.26;59;6320;40.7
476;766734.63;6284789.09;0.69;0.21;59;5520;37.9
477;766737.01;6284787.73;0.7;0.4;66;5600;46.1
478;766739.75;6284786.35;0.77;0.31;53;6160;36.7
479;766742.56;6284784.86;0.71;0.27;57;5680;37.7
480;766744.94;6284783.62;0.69;0.17;66;5520;42.4
481;766747.57;6284782.1;0.69;0.32;61;5520;40.8
482;766750.16;6284780.71;0.68;0.28;66;5440;43.8
483;766752.75;6284779.3;0.7;0.43;59;5600;41
484;766755.6;6284777.82;0.8;0.52;60;6400;45.5
485;766758.1;6284776.52;0.76;0.33;69;6080;49.1
486;766760.86;6284775.11;0.76;0.47;33;6080;26.9
487;766763.28;6284773.8;0.76;0.22;65;6080;44
488;766765.98;6284772.4;0.78;0.42;64;6240;46.8
489;766768.41;6284771.11;0.8;0.49;52;6400;39
490;766771.27;6284769.6;0.73;0.27;69;5840;47.3
491;766773.8;6284768.2;0.79;0.26;65;6320;45.3
492;766776.27;6284766.84;0.6;0.45;49;4800;32.7
493;766778.78;6284765.5;0.67;0.5;59;5360;41.4
494;766781.45;6284764.09;0.71;0.43;61;5680;42.8
495;766784.18;6284762.72;0.78;0.38;64;6240;46.1
496;766786.87;6284761.39;0.64;0.47;62;5120;42.5
497;766789.5;6284760.07;0.72;0.31;62;5760;42.1
498;766792.14;6284758.63;0.68;0.46;61;5440;42.5
499;766794.84;6284757.2;0.73;0.24;68;5840;46
500;766797.35;6284755.86;0.74;0.38;69;5920;49.4
501;766800.1;6284754.42;0.73;0.49;77;5840;58.9
502;766798.4;6284752.31;0.69;0.49;68;5520;49
503;766792.78;6284752.31;0.67;0.38;60;5360;40.4
504;766790.08;6284753.66;0.64;0.28;59;5120;37.7
505;766787.46;6284755.04;0.67;0.3;57;5360;37.3
506;766784.95;6284756.38;0.62;0.36;67;4960;44.3
507;766782.37;6284757.84;0.71;0.28;68;5680;46.1
508;766779.74;6284759.27;0.64;0.31;56;5120;36.1
509;766777.16;6284760.64;0.71;0.27;63;5680;42
510;766774.62;6284761.89;0.79;0.3;59;6320;41.2
511;766771.94;6284763.33;0.74;0.34;54;5920;37.2
512;766769.17;6284764.72;0.83;0.29;61;6640;43.6
513;766766.5;6284766.13;0.76;0.39;59;6080;41.8
514;766763.89;6284767.49;0.8;0.42;42;6400;31.8
515;766761.17;6284768.99;0.77;0.28;62;6160;42.8
516;766758.62;6284770.41;0.75;0.27;63;6000;42.9
517;766755.78;6284771.8;0.85;0.31;61;6800;44.3
518;766753.54;6284772.95;0.72;0.31;49;5760;33.3
519;766750.72;6284774.54;0.75;0.25;64;6000;43.4
520;766748.23;6284775.86;0.75;0.23;58;6000;38.7
521;766745.5;6284777.41;0.75;0.34;57;6000;39.5
522;766742.82;6284778.78;0.74;0.28;54;5920;36.4
523;766740.22;6284780.18;0.7;0.22;55;5600;35.5
524;766737.75;6284781.6;0.7;0.29;53;5600;35.1
525;766735.44;6284782.72;0.86;0.38;46;6880;34.8
526;766732.35;6284784.23;0.74;0.26;65;5920;44.1
527;766729.85;6284785.5;0.76;0.26;54;6080;36.6
528;766727.27;6284786.86;0.7;0.21;51;5600;33
529;766724.32;6284788.51;0.74;0.33;55;5920;37.7
530;766721.68;6284789.89;0.67;0.22;62;5360;39.7
531;766718.94;6284791.4;0.76;0.21;61;6080;40.8
532;766716.09;6284792.85;0.74;0.4;62;5920;43.8
533;766714.02;6284793.9;0.72;0.3;53;5760;35.6
534;766710.76;6284795.61;0.69;0.25;61;5520;39.8
535;766708.25;6284797.05;0.77;0.29;59;6160;40.7
536;766705.49;6284798.5;0.73;0.32;57;5840;38.8
537;766702.83;6284799.92;0.75;0.31;52;6000;35.7
538;766700.31;6284801.2;0.71;0.23;61;5680;40
539;766697.01;6284802.96;0.88;0.38;41;7040;32.2
540;766694.92;6284804.15;0.7;0.29;61;5600;40.6
541;766691.95;6284805.66;0.67;0.31;49;5360;32.4
542;766689.4;6284807;0.77;0.3;43;6160;30.6
543;766687.17;6284808.1;0.76;0.32;53;6080;36.7
544;766683.62;6284809.91;0.71;0.25;59;5680;38.8
545;766681.2;6284811.22;0.75;0.23;70;6000;48.1
546;766678.79;6284812.44;0.81;0.39;47;6480;34.6
547;766675.8;6284814.09;0.83;0.23;60;6640;41.9
548;766673.14;6284815.53;0.85;0.37;62;6800;46.1
549;766670.69;6284816.84;0.69;0.25;68;5520;45.2
550;766667.93;6284818.3;0.72;0.28;52;5760;34.7
551;766665.35;6284819.67;0.7;0.33;52;5600;35
552;766662.65;6284821.14;0.7;0.17;57;5600;36.2
553;766659.77;6284822.68;0.81;0.29;39;6480;29
554;766657.3;6284823.98;0.77;0.33;57;6160;39.8
555;766654.36;6284825.47;0.68;0.39;42;5440;29.5
556;766651.85;6284826.8;0.85;0.34;48;6800;35.4
557;766648.49;6284826.21;0.64;0.39;56;5120;37.1
558;766648.79;6284822.66;0.68;0.47;59;5440;41.2
559;766651.22;6284821.51;0.82;0.33;54;6560;38.7
560;766654.44;6284819.88;0.76;0.24;59;6080;39.8
561;766656.68;6284818.64;0.66;0.16;70;5280;44.7
562;766659.26;6284817.25;0.65;0.16;64;5200;39.9
563;766661.85;6284815.84;0.64;0.18;53;5120;32.7
564;766664.1;6284814.63;0.69;0.15;62;5520;39.2
565;766667.15;6284813.09;0.7;0.42;55;5600;38.1
566;766669.57;6284811.87;0.72;0.29;64;5760;43.3
567;766672.3;6284810.37;0.72;0.34;57;5760;38.8
568;766675.04;6284808.93;0.79;0.5;54;6320;40.3
569;766677.37;6284807.72;0.72;0.2;68;5760;45.1
570;766679.97;6284806.31;0.69;0.46;40;5520;29.3
571;766682.64;6284804.98;0.78;0.48;45;6240;33.9
572;766685.2;6284803.63;0.78;0.36;61;6240;43.4
573;766687.82;6284802.25;0.74;0.43;56;5920;39.7
574;766690.52;6284800.85;0.73;0.35;66;5840;46.1
575;766693.13;6284799.54;0.66;0.39;62;5280;41.8
576;766695.69;6284798.15;0.72;0.47;64;5760;46
577;766698.51;6284796.63;0.73;0.48;66;5840;48.2
578;766701.02;6284795.32;0.74;0.24;67;5920;45.4
579;766703.67;6284793.94;0.73;0.33;63;5840;43.4
580;766706.26;6284792.5;0.73;0.44;55;5840;39
581;766708.79;6284791.18;0.77;0.35;55;6160;38.6
582;766711.48;6284789.73;0.74;0.27;61;5920;41.2
583;766714.13;6284788.31;0.75;0.41;57;6000;40.4
584;766716.7;6284786.98;0.67;0.25;65;5360;42.3
585;766719.34;6284785.6;0.68;0.33;65;5440;43.7
586;766721.93;6284784.23;0.71;0.21;61;5680;39.7
587;766724.81;6284782.79;0.73;0.27;56;5840;37.4
588;766727.17;6284781.56;0.73;0.19;61;5840;39.9
589;766729.76;6284780.13;0.78;0.25;59;6240;40.3
590;766732.64;6284778.65;0.71;0.43;63;5680;44.4
591;766735.33;6284777.21;0.72;0.53;55;5760;39.9
592;766737.77;6284775.94;0.81;0.3;47;6480;33.6
593;766740.34;6284774.63;0.73;0.18;61;5840;39.7
594;766743.48;6284772.97;0.7;0.5;47;5600;33.8
595;766746.08;6284771.61;0.71;0.54;66;5680;48.6
596;766748.64;6284770.19;0.75;0.39;70;6000;50.8
597;766751.07;6284768.86;0.65;0.59;58;5200;41.4
598;766753.57;6284767.57;0.7;0.48;55;5600;38.8
599;766756.24;6284766.12;0.78;0.43;62;6240;45.3
600;766758.96;6284764.73;0.7;0.5;62;5600;44.4
601;766761.53;6284763.36;0.89;0.52;66;7120;53.3
602;766764;6284762.07;0.76;0.23;67;6080;45.8
603;766766.59;6284760.7;0.74;0.3;71;5920;49.9
604;766769.14;6284759.3;0.8;0.24;69;6400;48.7
605;766771.74;6284757.98;0.7;0.33;63;5600;42.6
606;766774.44;6284756.54;0.77;0.43;64;6160;46.7
607;766777;6284755.3;0.76;0.35;57;6080;39.8
608;766779.72;6284753.95;0.68;0.49;61;5440;43
609;766782.47;6284752.55;0.74;0.39;67;5920;47.8
610;766784.86;6284751.24;0.64;0.21;74;5120;48.3
611;766785.32;6284750.88;0.82;0.2;80;6560;59.2
612;766786.1;6284750.33;0.76;0.32;77;6080;56.5
613;766786.57;6284749.91;0.57;0.12;27;4560;19.3
